Age,Race,Gender,Disease,dtcreate,zipcd,status_report
15,Hispanic,Male,Syphillis,2022-04-10,92376,confirmed
26,White,Female,Chlamydia,2022-04-11,92376,confirmed
32,Native,Male,Gono,2022-04-12,92376,confirmed
34,Hispanic,Male,Gono,2022-04-13,92376,confirmed
36,White,Male,Chlamydia,2022-04-14,92376,confirmed
,White,Female,Chlamydia,2022-04-15,92376,confirmed
,White,Female,Chlamydia,2022-04-16,92376,confirmed
,White,Male,Chlamydia,2022-04-17,92376,confirmed
44,Hispanic,Female,Chlamydia,2022-04-18,92376,confirmed
41,Asian,Male,Syphillis,2022-04-19,92376,confirmed
60,Asian,Female,Syphillis,2022-04-20,92376,confirmed
46,Hispanic,Male,Gono,2022-04-21,92405,confirmed
57,Hispanic,Female,Syphillis,2022-04-22,92405,confirmed
60,Hispanic,Male,Syphillis,2022-04-23,92405,confirmed
21,White,Female,Chlamydia,2022-04-24,92405,confirmed
23,Hispanic,Female,Chlamydia,2022-04-25,92405,confirmed
14,Hispanic,Male,Gono,2022-04-26,92405,confirmed
18,Hispanic,Male,Chlamydia,2022-04-27,92405,confirmed
29,White,Male,Gono,2022-04-28,92405,confirmed
61,Asian,Male,Syphillis,2022-04-29,92405,confirmed
59,White,Female,Gono,2022-04-30,92405,confirmed
18,White,Female,Gono,2022-05-01,92405,confirmed
44,Black,Male,Syphillis,2022-05-02,92405,confirmed
52,Black,Female,Gono,2022-05-03,92405,confirmed
14,White,Female,Chlamydia,2022-05-04,92405,confirmed
40,White,Male,Syphillis,2022-05-05,92405,confirmed
23,Black,Male,Chlamydia,2022-05-06,92405,confirmed
58,Black,Female,Chlamydia,2022-05-07,92405,confirmed
44,White,Male,Gono,2022-05-08,92405,confirmed
34,White,Female,Syphillis,2022-05-09,92405,confirmed
27,Black,Male,Syphillis,2022-05-10,92345,confirmed
55,Hispanic,Male,Orthopox,2022-05-11,92345,confirmed
47,Hispanic,Female,Orthopox,2021-02-23,92345,confirmed
49,Hispanic,Male,Orthopox,2021-02-24,92345,confirmed
37,Black,Male,Orthopox,2021-02-25,92345,confirmed
28,Black,Male,Orthopox,2021-11-04,92345,confirmed
24,Black,Male,Orthopox,2021-11-07,92345,confirmed
23,Hispanic,Male,Orthopox,2021-06-03,92345,confirmed
52,Black,Male,Orthopox,2021-04-09,92345,confirmed
59,Asian,Male,Gono,2023-01-21,92345,confirmed
33,White,Male,Syphillis,2023-05-22,92345,confirmed
33,Black,Male,Syphillis,2023-04-23,92345,confirmed
33,Black,Male,Syphillis,2022-07-14,92345,confirmed
38,Native,Female,Gono,2022-04-15,92345,confirmed
52,Native,Female,Gono,2022-08-16,92345,confirmed
41,Black,Male,Syphillis,2022-04-17,92345,confirmed
65,White,Male,Chlamydia,2022-04-18,92345,confirmed
47,Black,Male,Chlamydia,2022-03-22,92345,confirmed
15,White,Male,Chlamydia,2022-01-23,92345,confirmed
53,Black,Female,Syphillis,2022-08-07,92345,confirmed
16,Asian,Male,Syphillis,2022-08-14,92354,confirmed
38,Black,Female,Syphillis,2022-08-11,92354,confirmed
62,Black,Male,Syphillis,2022-07-14,92354,confirmed
18,White,Male,Gono,2022-07-08,92354,confirmed
23,Native,Male,Gono,2022-07-03,92354,confirmed
17,White,Male,Chlamydia,2022-04-19,92354,confirmed
,White,Male,Chlamydia,2022-04-20,92354,confirmed
,White,Male,Chlamydia,2022-04-21,92354,confirmed
44,White,Male,Chlamydia,2022-04-20,92354,confirmed
26,Hispanic,Female,Chlamydia,2022-04-21,92354,confirmed
22,Hispanic,Female,Gono,2022-04-22,92336,confirmed
16,White,Female,Chlamydia,2022-04-23,92336,confirmed
21,Black,Male,Syphillis,2022-04-24,92336,confirmed
21,White,Female,Gono,2022-09-03,92336,confirmed
15,White,Male,Gono,2022-03-11,92336,confirmed
21,Native,Female,Syphillis,2022-12-25,92336,confirmed
64,Asian,Male,Syphillis,2022-01-29,92336,confirmed
29,Asian,Male,Gono,2022-06-27,92336,confirmed
43,Asian,Female,Syphillis,2022-04-25,92336,confirmed
33,Asian,Female,Syphillis,2021-02-03,92336,confirmed
21,White,Female,Chlamydia,2021-01-13,92336,confirmed
57,White,Male,Syphillis,2021-01-10,92336,confirmed
57,Asian,Male,Chlamydia,2021-10-29,92336,confirmed
64,Native,Male,Chlamydia,2021-02-19,92336,confirmed
29,Native,Female,Gono,2021-02-06,92336,confirmed
38,Native,Male,Gono,2021-07-07,92336,confirmed
32,Black,Male,Chlamydia,2021-05-19,92336,confirmed
57,Black,Female,Syphillis,2021-05-09,92336,confirmed
36,White,Female,Chlamydia,2021-05-10,92336,confirmed
55,Hispanic,Female,Syphillis,2021-05-21,92336,confirmed
36,Black,Female,Gono,2021-05-12,92336,confirmed
32,Black,Male,Syphillis,2021-09-13,92336,confirmed
30,Black,Male,Chlamydia,2021-03-14,91762,confirmed
58,Black,Male,Chlamydia,2021-03-15,91762,confirmed
24,Native,Female,Chlamydia,2021-05-16,91762,confirmed
31,Native,Male,Chlamydia,2021-05-17,91762,confirmed
57,White,Female,Gono,2021-11-18,91762,confirmed
62,Native,Male,Gono,2021-01-01,91762,confirmed
48,Black,Male,Chlamydia,2021-11-20,91762,confirmed
50,Black,Male,Gono,2021-11-21,91762,confirmed
27,Hispanic,Male,Gono,2021-04-22,91762,confirmed
33,Black,Female,Syphillis,2021-05-23,91762,confirmed
33,Hispanic,Female,Syphillis,2021-05-24,91762,confirmed
35,Asian,Male,Gono,2021-05-25,91762,confirmed
22,Black,Female,Gono,2021-06-26,91762,confirmed
50,Black,Male,Syphillis,2021-05-27,91762,confirmed
47,Black,Male,Chlamydia,2021-05-28,91762,confirmed
35,Asian,Male,Syphillis,2021-05-29,91762,confirmed
35,Asian,Male,Syphillis,2021-05-30,92376,confirmed
35,Asian,Male,Syphillis,2021-05-31,92376,confirmed
35,Hispanic,Female,Syphillis,2021-03-02,92376,confirmed
35,Hispanic,Female,Chlamydia,2023-02-14,92376,confirmed
23,Black,Female,Chlamydia,2023-02-15,92376,confirmed
35,Native,Female,Chlamydia,2023-02-16,92376,confirmed
27,Native,Female,Chlamydia,2023-02-17,92376,confirmed
29,Black,Female,Gono,2023-02-18,92376,confirmed
29,White,Female,Gono,2023-02-19,92376,confirmed
34,White,Male,Gono,2023-02-20,92376,confirmed
21,Black,Female,Gono,2023-02-21,92376,confirmed
22,Black,Female,Gono,2023-07-06,92376,confirmed
21,White,Female,Chlamydia,2023-07-07,92405,confirmed
21,White,Female,Chlamydia,2023-07-08,92405,confirmed
21,Hispanic,Female,Chlamydia,2023-04-05,92405,confirmed
21,Black,Female,Chlamydia,2023-04-06,92405,confirmed
26,Black,Male,Chlamydia,2023-04-07,92405,confirmed
37,Black,Male,Gono,2023-04-08,92405,confirmed
27,Hispanic,Male,Chlamydia,2023-06-04,92405,confirmed
25,Hispanic,Female,Chlamydia,2023-06-05,92405,confirmed
25,Hispanic,Female,Syphillis,2023-06-06,92405,confirmed
24,Hispanic,Male,Syphillis,2023-06-07,92405,confirmed
23,Black,Female,Syphillis,2023-06-08,92405,confirmed
23,Black,Female,Chlamydia,2023-06-09,92405,confirmed
23,White,Female,Chlamydia,2023-10-01,92405,confirmed
23,Hispanic,Female,Chlamydia,2023-10-02,92405,confirmed
21,Black,Male,Chlamydia,2023-10-03,92405,confirmed
21,Hispanic,Male,Chlamydia,2023-10-04,92405,confirmed
23,Hispanic,Female,Syphillis,2023-10-05,92405,confirmed
33,Hispanic,Female,Syphillis,2023-09-03,92405,confirmed
33,Black,Female,Syphillis,2023-09-04,92405,confirmed
29,White,Female,Chlamydia,2023-09-05,92405,confirmed
29,Black,Female,Chlamydia,2023-09-06,92405,confirmed
23,White,Male,Orthopox,2023-09-07,92405,confirmed
23,White,Male,Orthopox,2023-09-08,92405,confirmed
37,Hispanic,Female,Chlamydia,2023-09-09,92405,confirmed
22,Hispanic,Male,Chlamydia,2023-09-10,92405,confirmed
22,Hispanic,Female,Chlamydia,2023-09-11,92405,confirmed
22,Hispanic,Female,Chlamydia,2023-09-12,92345,confirmed
21,Black,Female,Gono,2023-09-13,92345,confirmed
20,Black,Female,Chlamydia,2023-09-14,92345,confirmed
26,Black,Female,Chlamydia,2023-09-15,92345,confirmed
34,Black,Female,Chlamydia,2023-09-16,92345,confirmed
35,Black,Female,Chlamydia,2023-09-17,92345,confirmed
36,Hispanic,Male,Chlamydia,2023-09-18,92345,confirmed
35,Hispanic,Male,Gono,2023-09-19,92345,confirmed
22,Hispanic,Female,Gono,2023-09-20,92345,confirmed
52,White,Male,Chlamydia,2023-04-20,92354,confirmed
55,Black,Male,Chlamydia,2023-04-23,92354,confirmed
55,White,Female,Chlamydia,2022-03-03,92354,confirmed
55,White,Female,Chlamydia,2022-03-04,92354,confirmed
34,White,Female,Chlamydia,2022-03-05,92354,confirmed
34,White,Female,Chlamydia,2022-03-06,92354,confirmed
34,White,Female,Chlamydia,2022-03-07,92405,confirmed
34,White,Male,Chlamydia,2022-03-08,92405,confirmed
34,White,Male,Chlamydia,2022-03-09,92405,confirmed
34,White,Female,Chlamydia,2022-03-10,92405,confirmed
34,White,Male,Chlamydia,2022-03-11,92405,confirmed
27,White,Female,Gono,2022-03-12,92405,confirmed
27,White,Male,Gono,2022-03-13,92405,confirmed
27,Hispanic,Male,Gono,2022-03-14,92405,confirmed
27,Hispanic,Female,Gono,2022-03-15,92405,confirmed
27,Hispanic,Female,Gono,2022-03-16,92405,confirmed
27,Hispanic,Female,Gono,2022-04-09,92405,confirmed
27,Hispanic,Female,Gono,2022-04-10,92405,confirmed
27,Hispanic,Female,Gono,2022-04-11,92405,confirmed
32,Hispanic,Female,Gono,2022-04-12,92405,confirmed
32,Hispanic,Female,Gono,2022-04-13,92405,confirmed
32,Hispanic,Female,Gono,2022-04-14,92405,confirmed
32,Hispanic,Female,Gono,2022-04-15,92405,confirmed
32,Black,Male,Gono,2022-04-16,92405,confirmed
23,Black,Male,Gono,2022-04-17,92405,confirmed
23,Black,Male,Gono,2022-04-18,92405,confirmed
32,Black,Female,Gono,2022-04-19,92405,confirmed
32,Black,Female,Gono,2022-04-20,92405,confirmed
32,Black,Male,Gono,2023-03-03,92405,confirmed
32,Black,Male,Gono,2023-03-04,92405,confirmed
32,Black,Male,Gono,2023-03-05,92405,confirmed
32,Black,Male,Gono,2023-03-06,92405,confirmed
32,Black,Male,Gono,2023-03-07,92405,confirmed
32,Black,Male,Gono,2023-03-08,92405,confirmed
32,Black,Male,Gono,2023-03-09,92405,confirmed
32,Black,Male,Gono,2023-03-10,92405,confirmed
32,Black,Male,Chlamydia,2023-03-11,92405,confirmed
22,Hispanic,Male,Chlamydia,2023-03-12,92405,confirmed
22,Hispanic,Male,Chlamydia,2023-03-13,92405,confirmed
22,Black,Male,Chlamydia,2023-03-14,92405,confirmed
22,Black,Male,Chlamydia,2023-03-15,92405,confirmed
22,White,Male,Chlamydia,2023-03-16,92405,confirmed
22,Hispanic,Female,Chlamydia,2023-03-17,92405,confirmed
22,Hispanic,Female,Chlamydia,2023-03-18,92405,confirmed
22,Hispanic,Female,Chlamydia,2023-03-19,92405,confirmed
22,Native,Female,Chlamydia,2023-03-20,92405,confirmed
22,Native,Female,Chlamydia,2023-03-21,92405,confirmed
33,Native,Female,Syphillis,2023-03-22,92405,confirmed
22,Native,Female,Chlamydia,2023-03-23,92405,confirmed
22,Native,Female,Chlamydia,2023-03-24,92405,confirmed
22,Hispanic,Female,Chlamydia,2023-03-25,92405,confirmed
22,Hispanic,Female,Chlamydia,2023-03-26,92405,confirmed
33,Hispanic,Female,Syphillis,2023-03-27,92405,confirmed
55,Hispanic,Male,Orthopox,2023-03-28,92405,confirmed
56,Hispanic,Male,Orthopox,2023-03-29,92405,confirmed
56,Hispanic,Male,Orthopox,2023-03-30,92405,confirmed
56,Hispanic,Male,Orthopox,2023-03-31,92405,confirmed
22,Hispanic,Male,Chlamydia,2023-04-01,92405,confirmed
23,Hispanic,Male,Chlamydia,2023-04-02,92405,confirmed
32,Hispanic,Female,Chlamydia,2023-04-03,92376,confirmed
32,Hispanic,Female,Chlamydia,2023-04-04,92376,confirmed
22,Hispanic,Female,Chlamydia,2023-04-05,92376,confirmed
22,Hispanic,Male,Chlamydia,2023-04-06,92376,confirmed
22,Hispanic,Female,Chlamydia,2023-04-07,92376,confirmed
22,Hispanic,Female,Chlamydia,2023-04-08,92376,confirmed
22,Hispanic,Female,Chlamydia,2023-04-09,92376,confirmed
22,Hispanic,Female,Chlamydia,2023-04-10,92376,confirmed
22,Hispanic,Female,Chlamydia,2023-04-11,92376,confirmed
21,Hispanic,Male,Gono,2023-04-12,92376,confirmed
34,Hispanic,Female,Gono,2023-04-13,92376,confirmed
34,Hispanic,Male,Gono,2023-04-14,92376,confirmed
44,Hispanic,Male,Gono,2023-04-15,92376,confirmed
33,Hispanic,Male,Syphillis,2023-04-16,92376,confirmed
33,Hispanic,Male,Syphillis,2023-04-17,92376,confirmed
33,Asian,Male,Syphillis,2023-04-18,92376,confirmed
33,Asian,Male,Syphillis,2023-04-19,92376,confirmed
33,Asian,male,Syphillis,2023-04-20,92376,confirmed
21,Asian,Male,Syphillis,2023-04-21,92376,confirmed
26,Hispanic,Female,Chlamydia,2023-04-22,92376,confirmed
26,Hispanic,Female,Chlamydia,2023-04-23,92376,confirmed
26,Hispanic,Female,Chlamydia,2023-04-24,92376,confirmed
26,Hispanic,Male,Chlamydia,2023-04-25,92376,confirmed
26,Hispanic,Male,Chlamydia,2023-04-26,92376,confirmed
26,Hispanic,Male,Chlamydia,2023-04-27,92376,confirmed
32,Hispanic,Female,Chlamydia,2023-04-28,92376,confirmed
22,Hispanic,Female,Chlamydia,2023-03-17,92405,confirmed
22,Hispanic,Female,Chlamydia,2023-03-18,92405,confirmed
22,Hispanic,Female,Chlamydia,2023-03-19,92405,confirmed
22,Hispanic,Female,Chlamydia,2023-03-20,92405,probable
22,Hispanic,Female,Chlamydia,2023-03-21,92405,probable
33,Hispanic,Female,Syphillis,2023-03-22,92405,probable
22,Hispanic,Female,Chlamydia,2023-03-23,92405,probable
22,Hispanic,Female,Chlamydia,2023-03-24,92405,probable
22,Hispanic,Female,Chlamydia,2023-03-25,92405,probable
22,Hispanic,Female,Chlamydia,2023-03-26,92405,probable
20,Black,Female,Chlamydia,2023-09-14,92345,probable
26,Black,Female,Chlamydia,2023-09-15,92345,probable
34,Black,Female,Chlamydia,2023-09-16,92345,probable
35,Black,Female,Chlamydia,2023-09-17,92345,probable
22,Black,Female,Chlamydia,2021-02-13,92405,probable
22,Black,Female,Chlamydia,2021-02-14,92405,probable
23,Black,Female,Chlamydia,2021-02-15,92405,confirmed
23,Hispanic,Female,Chlamydia,2021-02-16,92405,confirmed
23,Hispanic,Female,Chlamydia,2021-02-17,92405,confirmed
23,Hispanic,Female,Chlamydia,2021-02-18,92405,confirmed
24,Hispanic,Female,Chlamydia,2021-02-19,92405,confirmed
23,Hispanic,Female,Chlamydia,2021-02-20,92405,confirmed
25,Hispanic,Female,Chlamydia,2021-02-21,92405,confirmed
27,Hispanic,Female,Chlamydia,2021-02-22,92405,confirmed
27,Hispanic,Female,Chlamydia,2021-02-23,92405,confirmed
27,Hispanic,Female,Chlamydia,2021-02-24,92405,confirmed
27,Black,Female,Chlamydia,2021-02-25,92405,confirmed
27,Black,Female,Chlamydia,2021-02-26,92405,confirmed
27,Black,Female,Chlamydia,2021-02-27,92405,confirmed
29,Black,Female,Chlamydia,2021-02-28,92405,confirmed
29,Hispanic,Female,Chlamydia,2021-03-01,92405,confirmed
29,Hispanic,Female,Chlamydia,2021-03-02,92405,confirmed
29,Hispanic,Female,Chlamydia,2021-03-03,92405,confirmed
29,Hispanic,Female,Chlamydia,2021-03-04,92405,confirmed
29,Black,Female,Chlamydia,2021-03-05,92405,confirmed
29,Black,Female,Chlamydia,2021-03-06,92405,confirmed
29,Black,Female,Chlamydia,2023-09-17,92405,confirmed
29,Black,Female,Chlamydia,2023-09-18,92405,confirmed
29,Black,Female,Chlamydia,2023-09-19,92405,confirmed
29,Black,Female,Chlamydia,2023-09-20,92405,confirmed
29,Black,Female,Chlamydia,2023-09-21,92405,confirmed
29,Black,Female,Chlamydia,2023-09-22,92405,confirmed
29,Black,Female,Chlamydia,2023-09-23,92405,confirmed
29,White,Female,Chlamydia,2023-09-24,92354,confirmed
21,White,Female,Chlamydia,2023-09-25,92354,confirmed
23,White,Female,Chlamydia,2023-09-26,92354,confirmed
23,White,Female,Chlamydia,2023-09-27,92354,confirmed
23,White,Female,Chlamydia,2023-09-28,92354,confirmed
23,White,Female,Chlamydia,2023-09-29,92354,confirmed
23,White,Female,Syphillis,2023-09-30,92354,confirmed
23,White,Female,Syphillis,2023-10-01,92354,confirmed
23,White,Female,Syphillis,2023-10-02,92354,confirmed
23,White,Female,Syphillis,2023-10-03,92354,confirmed
23,Hispanic,Female,Syphillis,2023-10-04,92405,confirmed
24,Hispanic,Female,Chlamydia,2023-10-05,92405,confirmed
27,Hispanic,Female,Chlamydia,2023-10-06,92405,confirmed
28,Hispanic,Female,Chlamydia,2023-10-07,92405,confirmed
27,Hispanic,Female,Chlamydia,2023-10-08,92345,confirmed
27,Hispanic,Female,Chlamydia,2023-10-09,92345,confirmed
27,Hispanic,Female,Chlamydia,2023-10-10,92345,confirmed
27,Hispanic,Female,Chlamydia,2023-10-11,92345,confirmed
27,Hispanic,Female,Chlamydia,2023-10-12,92345,confirmed
27,Hispanic,Female,Chlamydia,2023-10-13,92345,confirmed
27,Hispanic,Female,Chlamydia,2023-10-14,92345,confirmed
22,Hispanic,Female,Chlamydia,2023-10-15,92345,confirmed
20,Black,Female,Chlamydia,2023-10-16,92345,confirmed
20,Black,Female,Chlamydia,2023-10-17,92345,confirmed
20,Black,Female,Chlamydia,2023-10-18,92345,suspect
20,Black,Female,Chlamydia,2023-10-19,92345,suspect
20,Black,Female,Chlamydia,2023-10-20,92376,suspect
20,Hispanic,Female,Chlamydia,2023-10-21,92376,confirmed
20,Hispanic,Female,Chlamydia,2023-10-22,92376,confirmed
20,Hispanic,Female,Chlamydia,2023-10-23,92376,confirmed
33,Hispanic,Female,Chlamydia,2023-10-24,92376,confirmed
33,Hispanic,Female,Chlamydia,2023-10-25,92376,confirmed
33,Hispanic,Female,Chlamydia,2023-10-26,92376,confirmed
33,Hispanic,Female,Chlamydia,2023-10-27,92376,confirmed
34,Hispanic,Female,Chlamydia,2023-10-28,92376,confirmed
36,Hispanic,Female,Chlamydia,2023-10-29,92376,confirmed
44,Black,Male,Chlamydia,2023-10-30,92376,confirmed
44,Black,Female,Chlamydia,2023-10-31,92376,confirmed
33,Black,Female,Chlamydia,2023-11-01,92405,confirmed
44,Black,Female,Chlamydia,2023-11-02,92405,confirmed
37,Hispanic,Female,Syphillis,2023-11-03,92405,confirmed
36,Native,Female,Syphillis,2023-11-04,92405,confirmed
35,Native,Female,Syphillis,2023-11-05,92354,confirmed
35,Native,Female,Syphillis,2023-11-06,92354,confirmed
24,Native,Female,Chlamydia,2023-11-07,92354,confirmed
24,Native,Female,Chlamydia,2023-11-08,92354,confirmed
24,Hispanic,Female,Chlamydia,2023-11-09,92354,confirmed
24,Native,Female,Chlamydia,2023-11-10,92354,confirmed
,White,Male,Chlamydia,2023-11-11,92354,confirmed
24,White,Female,Chlamydia,2023-11-12,92354,confirmed
,White,Female,Chlamydia,2023-11-13,92354,confirmed
24,White,Female,Chlamydia,2023-11-14,92354,confirmed
24,White,Female,Chlamydia,2023-11-15,92354,confirmed
,Black,Male,Chlamydia,2023-11-16,92405,confirmed
24,Black,Female,Chlamydia,2023-11-17,92405,confirmed
22,Native,Female,Chlamydia,2023-11-18,92405,confirmed
21,Native,Female,Chlamydia,2023-11-19,92405,confirmed
20,Native,Female,Chlamydia,2023-11-20,92405,confirmed
39,Native,Female,Chlamydia,2023-11-21,92405,confirmed
39,Black,Male,Chlamydia,2023-11-22,92405,confirmed
39,Hispanic,Female,Chlamydia,2023-11-23,92405,confirmed
39,Black,Female,Chlamydia,2023-11-24,92405,confirmed
39,Hispanic,Female,Chlamydia,2023-11-25,92405,confirmed
39,Black,Female,Chlamydia,2023-11-26,92405,confirmed
39,Hispanic,Female,Chlamydia,2023-11-27,92405,confirmed
39,Black,Female,Chlamydia,2023-11-28,92405,confirmed
39,Black,Female,Chlamydia,2023-11-29,92405,confirmed
39,Black,Female,Chlamydia,2023-11-30,92405,confirmed
39,Black,Female,Chlamydia,2023-12-01,92376,confirmed
34,Hispanic,Female,Chlamydia,2023-12-02,92376,confirmed
44,Hispanic,Female,Chlamydia,2023-12-03,92376,confirmed
,Hispanic,Female,Chlamydia,2023-12-04,92376,confirmed
,White,Female,Chlamydia,2023-12-05,92376,confirmed
,White,Female,Chlamydia,2023-12-06,92376,confirmed
23,White,Female,Chlamydia,2023-12-07,92376,confirmed
23,White,Female,Chlamydia,2023-12-08,92376,confirmed
23,White,Female,Chlamydia,2023-12-09,92376,confirmed
25,White,Female,Chlamydia,2023-12-10,92376,confirmed
30,White,Female,Chlamydia,2023-12-11,92405,confirmed
27,White,Female,Chlamydia,2023-12-12,92405,confirmed
22,White,Female,Chlamydia,2023-12-13,92405,confirmed
24,White,Female,Chlamydia,2023-12-14,92405,confirmed
22,Hispanic,Male,Chlamydia,2023-12-15,92405,confirmed
33,Hispanic,Male,Chlamydia,2023-12-16,92405,confirmed
33,Hispanic,Male,Chlamydia,2023-12-17,92405,confirmed
33,Hispanic,Male,Chlamydia,2023-12-18,92405,confirmed
33,Hispanic,Male,Chlamydia,2023-12-19,92405,confirmed
33,Black,Male,Chlamydia,2023-12-20,92405,confirmed
33,Black,Male,Chlamydia,2023-12-21,92345,confirmed
33,Black,Male,Chlamydia,2023-12-22,92345,confirmed
33,Native,Male,Chlamydia,2023-12-23,92345,confirmed
33,Native,Male,Chlamydia,2023-12-24,92345,confirmed
22,Native,Male,Chlamydia,2023-12-25,92345,confirmed
22,Native,Female,Chlamydia,2023-12-26,92354,confirmed
22,White,Female,Chlamydia,2023-12-27,92354,confirmed
22,White,Female,Chlamydia,2023-12-28,92354,confirmed
22,White,Female,Chlamydia,2023-12-29,92354,confirmed
22,Native,Female,Chlamydia,2023-12-30,92354,confirmed
22,Black,Female,Chlamydia,2023-12-31,92354,confirmed
23,White,Male,Chlamydia,2022-01-04,92354,confirmed
23,White,Male,Chlamydia,2022-01-05,92354,confirmed
23,White,Male,Chlamydia,2022-01-06,92354,confirmed
23,White,Male,Chlamydia,2022-01-07,92354,confirmed
23,White,Male,Chlamydia,2022-01-08,92354,confirmed
23,White,Male,Chlamydia,2022-01-09,92354,confirmed
23,White,Male,Chlamydia,2022-01-10,92354,confirmed
23,White,Male,Chlamydia,2022-01-11,92354,confirmed
23,White,Male,Chlamydia,2022-01-12,92354,confirmed
23,White,Male,Chlamydia,2022-01-13,92354,confirmed
23,White,Male,Chlamydia,2022-01-14,92354,confirmed
23,White,Male,Chlamydia,2022-01-15,92405,confirmed
23,White,Male,Chlamydia,2022-01-16,92405,confirmed
23,White,Male,Chlamydia,2022-01-17,92405,confirmed
23,White,Male,Chlamydia,2022-01-18,92405,confirmed
23,White,Male,Chlamydia,2022-01-19,92405,confirmed
23,White,Male,Chlamydia,2022-01-20,92405,confirmed
22,White,Male,Gono,2022-01-21,92405,confirmed
25,White,Male,Gono,2022-01-22,92405,confirmed
33,White,Male,Gono,2022-01-23,92405,confirmed
21,White,Male,Gono,2022-01-24,92405,confirmed
21,White,Male,Gono,2022-01-25,92405,confirmed
21,White,Male,Gono,2022-01-26,92405,confirmed
21,White,Male,Gono,2022-01-27,92405,confirmed
21,White,Male,Gono,2022-01-28,92405,confirmed
21,White,Male,Gono,2022-01-29,92405,confirmed
21,White,Male,Gono,2022-01-30,92405,confirmed
21,White,Male,Gono,2022-01-31,92405,confirmed
21,White,Male,Gono,2022-02-01,92405,confirmed
21,White,Male,Gono,2022-02-02,92405,confirmed
21,White,Male,Gono,2022-02-03,92405,confirmed
21,White,Male,Gono,2022-02-04,92405,confirmed
21,White,Male,Gono,2022-02-05,92405,confirmed
21,White,Male,Gono,2022-02-06,92405,confirmed
22,White,Male,Gono,2022-02-07,92405,confirmed
22,White,Male,Gono,2022-02-08,92405,confirmed
26,Hispanic,Female,Chlamydia,2022-02-09,92405,confirmed
21,Hispanic,Female,Chlamydia,2022-02-10,92405,confirmed
23,Hispanic,Female,Chlamydia,2022-02-11,92376,confirmed
23,Hispanic,Female,Chlamydia,2022-02-12,92376,confirmed
26,Hispanic,Female,Chlamydia,2022-02-13,92376,confirmed
23,Hispanic,Female,Chlamydia,2022-02-14,92376,confirmed
23,Hispanic,Female,Chlamydia,2022-02-15,92376,confirmed
23,Hispanic,Female,Chlamydia,2022-02-16,92376,probable
23,Hispanic,Female,Chlamydia,2022-02-17,92376,probable
23,Hispanic,Female,Chlamydia,2022-02-18,92376,probable
26,Hispanic,Female,Chlamydia,2022-02-19,92376,probable
29,Hispanic,Female,Chlamydia,2022-02-20,92376,probable
29,Hispanic,Female,Chlamydia,2022-02-21,92376,probable
29,Hispanic,Female,Syphillis,2022-02-22,92405,probable
26,Hispanic,Female,Syphillis,2022-02-23,92405,probable
29,Hispanic,Female,Syphillis,2022-02-24,92405,probable
26,Hispanic,Female,Syphillis,2022-02-25,92405,confirmed
22,Black,Female,Chlamydia,2022-02-26,92405,confirmed
20,Black,Female,Chlamydia,2022-02-27,92405,confirmed
20,Black,Female,Chlamydia,2022-02-28,92405,confirmed
20,Black,Female,Chlamydia,2022-03-01,92405,confirmed
26,Black,Female,Chlamydia,2022-03-02,92405,confirmed
28,Black,Female,Chlamydia,2022-03-03,92405,confirmed
28,Black,Female,Chlamydia,2022-03-04,92405,confirmed
28,Black,Female,Chlamydia,2022-03-05,92405,confirmed
28,Black,Female,Gono,2022-03-06,92405,confirmed
33,Black,Female,Syphillis,2022-03-07,92405,confirmed
34,Black,Female,Syphillis,2022-03-08,92405,confirmed
39,Black,Female,Syphillis,2022-03-09,92405,confirmed
37,Black,Female,Syphillis,2022-03-10,92405,confirmed
37,Black,Female,Gono,2022-03-11,92405,confirmed
21,Black,Female,Gono,2022-03-12,92405,confirmed
22,Black,Male,Gono,2022-03-13,92345,confirmed
22,Black,Male,Gono,2022-03-14,92345,confirmed
22,Black,Male,Gono,2022-03-15,92345,confirmed
24,Black,Male,Gono,2022-03-16,92345,confirmed
34,White,Male,Gono,2022-03-17,92345,confirmed
33,White,Female,Chlamydia,2022-03-18,92345,confirmed
33,White,Female,Chlamydia,2022-03-19,92345,confirmed
33,White,Female,Chlamydia,2022-03-20,92345,confirmed
33,White,Female,Chlamydia,2022-03-21,92345,confirmed
33,White,Female,Chlamydia,2022-03-22,92345,confirmed
33,White,Female,Chlamydia,2022-03-23,92345,confirmed
28,White,Female,Chlamydia,2022-03-24,92345,confirmed
28,White,Female,Chlamydia,2022-03-25,92345,confirmed
27,White,Female,Chlamydia,2022-03-26,92345,confirmed
33,White,Female,Chlamydia,2022-03-27,92345,confirmed
33,Black,Male,Chlamydia,2022-03-28,92376,confirmed
33,Black,Male,Chlamydia,2022-03-29,92376,confirmed
33,Black,Male,Chlamydia,2022-03-30,92376,confirmed
27,Black,Male,Chlamydia,2022-03-31,92376,confirmed
27,Black,Male,Chlamydia,2022-04-01,92376,confirmed
27,Black,Male,Chlamydia,2022-04-02,92376,confirmed
36,Black,Male,Chlamydia,2022-04-03,92376,confirmed
36,Black,Male,Chlamydia,2022-04-04,92376,confirmed
36,Black,Female,Chlamydia,2022-04-05,92376,confirmed
23,Black,Female,Chlamydia,2022-04-06,92376,confirmed
23,Black,Female,Chlamydia,2022-04-07,92376,confirmed
23,Hispanic,Female,Chlamydia,2022-04-08,92354,confirmed
23,Hispanic,Female,Chlamydia,2022-04-09,92354,confirmed
23,Hispanic,Female,Chlamydia,2022-04-10,92354,confirmed
23,Hispanic,Female,Gono,2022-04-11,92354,confirmed
23,Hispanic,Female,Gono,2022-04-12,92336,confirmed
23,Hispanic,Female,Gono,2022-04-13,92336,confirmed
23,Hispanic,Female,Gono,2022-04-14,92336,confirmed
23,Hispanic,Female,Gono,2022-04-15,92336,confirmed
23,Hispanic,Female,Gono,2022-04-16,92336,confirmed
23,Hispanic,Female,Gono,2022-04-17,92336,confirmed
23,Hispanic,Female,Gono,2022-04-18,92336,confirmed
23,Hispanic,Female,Gono,2022-04-19,92336,confirmed
23,Hispanic,Female,Gono,2022-04-20,92336,confirmed
23,Hispanic,Female,Gono,2022-04-21,92336,confirmed
23,Hispanic,Female,Gono,2022-04-22,92336,confirmed
23,Hispanic,Female,Chlamydia,2022-04-23,92336,confirmed
23,Black,Female,Chlamydia,2022-04-24,92336,confirmed
23,Black,Female,Chlamydia,2022-04-25,92336,confirmed
23,Black,Female,Chlamydia,2022-04-26,92336,confirmed
23,Black,Female,Chlamydia,2022-04-27,92336,confirmed
23,Black,Female,Chlamydia,2022-04-28,92336,confirmed
23,Black,Female,Syphillis,2022-04-29,92336,confirmed
23,Black,Female,Syphillis,2022-04-30,92336,confirmed
23,Black,Female,Syphillis,2022-05-01,92336,confirmed
23,Black,Female,Syphillis,2022-05-02,92336,confirmed
23,Black,Female,Gono,2022-05-03,92336,confirmed
23,Black,Female,Gono,2022-05-04,91762,confirmed
23,Black,Female,Gono,2022-05-05,91762,confirmed
23,Black,Female,Gono,2022-05-06,91762,confirmed
23,Hispanic,Female,Gono,2022-05-07,91762,confirmed
23,Hispanic,Female,Chlamydia,2022-05-08,91762,confirmed
23,Hispanic,Female,Chlamydia,2022-05-09,91762,confirmed
23,Hispanic,Female,Chlamydia,2022-05-10,91762,confirmed
23,Hispanic,Female,Chlamydia,2022-05-11,91762,confirmed
23,White,Female,Syphillis,2022-05-12,91762,confirmed
23,White,Female,Chlamydia,2022-05-13,91762,confirmed
23,White,Female,Chlamydia,2023-05-14,91762,confirmed
21,White,Female,Chlamydia,2023-05-15,91762,confirmed
22,White,Female,Chlamydia,2023-05-16,91762,confirmed
22,White,Female,Chlamydia,2023-05-17,91762,confirmed
23,White,Female,Chlamydia,2023-05-18,91762,confirmed
37,White,Female,Chlamydia,2023-05-19,91762,confirmed
37,White,Female,Chlamydia,2023-05-20,92376,confirmed
37,White,Female,Chlamydia,2023-05-21,92376,confirmed
37,White,Female,Chlamydia,2023-05-22,92376,confirmed
23,White,Female,Chlamydia,2023-05-23,92376,confirmed
23,White,Female,Chlamydia,2023-05-24,92376,confirmed
23,White,Female,Chlamydia,2023-05-25,92376,confirmed
23,White,Female,Chlamydia,2023-05-26,92376,confirmed
23,White,Female,Chlamydia,2023-05-27,92376,confirmed
31,White,Female,Chlamydia,2023-05-28,92376,confirmed
23,White,Female,Chlamydia,2023-05-29,92376,confirmed
23,White,Female,Chlamydia,2023-05-30,92376,confirmed
23,White,Female,Chlamydia,2023-05-31,92376,confirmed
23,White,Female,Chlamydia,2023-06-01,92405,confirmed
33,White,Female,Chlamydia,2023-06-02,92405,confirmed
23,White,Female,Chlamydia,2023-06-03,92405,confirmed
23,White,Female,Chlamydia,2023-06-04,92405,confirmed
23,White,Female,Chlamydia,2023-06-05,92405,confirmed
23,White,Female,Chlamydia,2023-06-06,92405,confirmed
23,White,Female,Chlamydia,2023-06-07,92405,confirmed
35,White,Female,Chlamydia,2023-06-08,92405,confirmed
35,White,Female,Chlamydia,2023-06-09,92405,confirmed
35,White,Female,Chlamydia,2023-06-10,92405,confirmed
35,White,Female,Chlamydia,2023-06-11,92405,confirmed
35,White,Female,Chlamydia,2023-06-12,92405,confirmed
23,White,Female,Chlamydia,2023-06-13,92405,confirmed
23,White,Female,Chlamydia,2023-06-14,92405,confirmed
23,White,Female,Chlamydia,2023-06-15,92405,confirmed
23,White,Male,Chlamydia,2023-06-16,92405,confirmed
23,White,Male,Chlamydia,2023-06-17,92405,confirmed
23,White,Male,Chlamydia,2023-06-18,92405,confirmed
23,White,Male,Chlamydia,2023-06-19,92405,confirmed
23,White,Male,Chlamydia,2023-06-20,92405,confirmed
23,White,Male,Chlamydia,2023-06-21,92405,confirmed
23,White,Male,Chlamydia,2023-06-22,92405,confirmed
23,White,Female,Chlamydia,2023-06-23,92405,confirmed
23,White,Female,Chlamydia,2023-06-24,92405,confirmed
23,White,Female,Chlamydia,2023-06-25,92405,confirmed
23,White,Female,Chlamydia,2023-06-26,92405,confirmed
23,White,Female,Chlamydia,2023-06-27,92345,confirmed
23,White,Female,Chlamydia,2023-06-28,92345,confirmed
23,White,Female,Chlamydia,2023-06-29,92345,confirmed
23,White,Female,Chlamydia,2023-06-30,92345,confirmed
23,White,Female,Chlamydia,2023-07-01,92345,confirmed
23,White,Female,Chlamydia,2023-07-02,92345,confirmed
23,Hispanic,Female,Chlamydia,2023-07-03,92345,confirmed
23,Hispanic,Female,Chlamydia,2023-07-04,92345,confirmed
23,Hispanic,Female,Chlamydia,2023-07-05,92345,confirmed
23,Hispanic,Female,Chlamydia,2023-07-06,92354,confirmed
23,Hispanic,Female,Chlamydia,2023-07-07,92354,confirmed
23,Hispanic,Female,Chlamydia,2023-07-08,92354,confirmed
23,Hispanic,Female,Chlamydia,2023-07-09,92354,confirmed
23,Hispanic,Female,Chlamydia,2023-07-10,92354,confirmed
23,Hispanic,Female,Chlamydia,2023-07-11,92354,confirmed
23,Hispanic,Female,Chlamydia,2023-07-12,92405,confirmed
23,Hispanic,Female,Chlamydia,2023-07-13,92405,confirmed
23,Hispanic,Female,Chlamydia,2023-07-14,92405,confirmed
23,Hispanic,Female,Chlamydia,2023-07-15,92405,confirmed
23,Hispanic,Female,Chlamydia,2023-07-16,92405,confirmed
23,Hispanic,Female,Chlamydia,2023-07-17,92405,confirmed
23,Black,Female,Chlamydia,2023-07-18,92405,confirmed
23,Black,Female,Gono,2023-07-19,92405,confirmed
23,Black,Female,Gono,2023-07-20,92405,confirmed
23,Black,Female,Gono,2023-07-21,92405,confirmed
23,Black,Female,Gono,2023-07-22,92405,confirmed
,Black,Female,Gono,2023-07-23,92405,confirmed
,Black,Female,Gono,2023-07-24,92405,confirmed
,Black,Female,Gono,2023-07-25,92405,confirmed
,Black,Female,Gono,2023-07-26,92405,confirmed
,Black,Female,Gono,2023-07-27,92405,confirmed
,Black,Female,Gono,2023-07-28,92405,confirmed
,Black,Female,Gono,2023-07-29,92405,confirmed
32,Hispanic,Male,Syphillis,2023-07-30,92405,confirmed
34,Hispanic,Male,Syphillis,2023-07-31,92405,confirmed
32,Hispanic,Male,Syphillis,2023-08-01,92405,confirmed
32,Black,Male,Syphillis,2023-08-02,92405,confirmed
34,Black,Male,Syphillis,2023-08-03,92405,confirmed
32,Black,Male,Syphillis,2023-08-04,92405,confirmed
34,Black,Male,Syphillis,2023-08-05,92405,confirmed
34,Black,Male,Syphillis,2023-08-06,92405,confirmed
34,White,Male,Syphillis,2023-08-07,92405,confirmed
34,White,Male,Syphillis,2023-08-08,92405,confirmed
34,White,Male,Syphillis,2023-08-09,92405,confirmed
23,White,Male,Gono,2023-08-10,92405,confirmed
23,White,Male,Gono,2023-08-11,92405,confirmed
23,White,Male,Gono,2023-08-12,92405,confirmed
23,White,Male,Gono,2023-08-13,92405,confirmed
23,White,Female,Gono,2023-08-14,92405,confirmed
23,White,Female,Gono,2023-08-15,92405,confirmed
23,White,Female,Gono,2023-08-16,92405,confirmed
23,White,Female,Gono,2023-08-17,92405,confirmed
23,White,Female,Gono,2023-08-18,92405,confirmed
23,White,Female,Gono,2023-08-19,92405,confirmed
23,White,Female,Gono,2023-08-20,92405,confirmed
23,White,Female,Chlamydia,2023-08-21,92405,confirmed
23,White,Female,Chlamydia,2023-08-22,92405,confirmed
23,White,Female,Chlamydia,2023-08-23,92405,confirmed
23,White,Female,Chlamydia,2023-08-24,92405,confirmed
23,White,Female,Chlamydia,2023-08-25,92405,confirmed
23,White,Female,Chlamydia,2023-08-26,92405,confirmed
23,Black,Female,Chlamydia,2023-08-27,92405,confirmed
23,Black,Female,Chlamydia,2023-08-28,92405,confirmed
23,Black,Female,Chlamydia,2023-08-29,92405,confirmed
23,Black,Female,Chlamydia,2023-08-30,92405,confirmed
23,Black,Female,Chlamydia,2023-08-31,92405,confirmed
44,Black,Female,Chlamydia,2023-09-01,92405,confirmed
41,Black,Female,Chlamydia,2023-09-02,92405,confirmed
60,Black,Female,Chlamydia,2023-09-03,92376,confirmed
46,Black,Female,Chlamydia,2023-09-04,92376,confirmed
57,Black,Female,Chlamydia,2023-09-05,92376,confirmed
60,Black,Female,Chlamydia,2023-09-06,92376,confirmed
21,Black,Female,Chlamydia,2023-09-07,92376,confirmed
23,Hispanic,Female,Chlamydia,2023-09-08,92376,confirmed
14,Hispanic,Female,Chlamydia,2023-09-09,92376,confirmed
18,Black,Female,Chlamydia,2023-09-10,92376,confirmed
29,Native,Female,Chlamydia,2023-09-11,92376,confirmed
61,Native,Female,Chlamydia,2023-09-12,92376,confirmed
59,Black,Female,Chlamydia,2023-09-13,92376,confirmed
18,White,Female,Chlamydia,2023-09-14,92376,confirmed
44,White,Female,Chlamydia,2023-09-15,92376,confirmed
52,Black,Female,Chlamydia,2023-09-16,92376,confirmed
14,Black,Female,Gono,2023-09-17,92376,confirmed
40,White,Female,Gono,2023-09-18,92376,confirmed
23,White,Female,Gono,2023-09-19,92376,confirmed
58,Hispanic,Female,Gono,2023-09-20,92376,confirmed
44,Black,Female,Gono,2023-09-21,92376,confirmed
34,Black,Female,Syphillis,2023-09-22,92376,confirmed
27,Black,Female,Chlamydia,2023-09-23,92376,confirmed
55,Hispanic,Female,Orthopox,2023-09-24,92376,confirmed
47,Hispanic,Male,Orthopox,2023-09-25,92376,confirmed
49,Hispanic,Male,Orthopox,2023-09-26,92376,confirmed
37,Hispanic,Male,Chlamydia,2023-09-27,92376,confirmed
28,Black,Male,Chlamydia,2023-09-28,92376,confirmed
24,Black,Male,Chlamydia,2023-09-29,92405,confirmed
23,White,Male,Chlamydia,2023-09-30,92405,confirmed
52,Hispanic,Male,Chlamydia,2023-10-01,92405,confirmed
59,Black,Male,Chlamydia,2023-10-02,92405,confirmed
33,Hispanic,Male,Chlamydia,2023-10-03,92405,confirmed
33,Hispanic,Male,Chlamydia,2023-10-04,92405,confirmed
33,Hispanic,Male,Chlamydia,2023-10-05,92405,confirmed
38,Black,Male,Chlamydia,2023-10-06,92405,confirmed
52,White,Male,Chlamydia,2023-10-07,92405,confirmed
41,Black,Male,Chlamydia,2023-10-08,92405,confirmed
65,White,Male,Chlamydia,2023-10-09,92345,confirmed
47,White,Male,Chlamydia,2023-10-10,92345,confirmed
15,Hispanic,Male,Chlamydia,2023-10-11,92345,confirmed
53,Hispanic,Male,Syphillis,2023-10-12,92345,confirmed
16,Hispanic,Male,Syphillis,2023-10-13,92405,confirmed
38,Hispanic,Male,Gono,2023-10-14,92405,confirmed
62,Black,Male,Syphillis,2023-10-15,92405,confirmed
18,Black,Male,Syphillis,2023-10-16,92405,confirmed
23,Black,Male,Chlamydia,2023-10-17,92405,confirmed
17,Black,Male,Chlamydia,2023-10-18,92405,confirmed
,Black,Male,Gono,2023-10-19,92405,confirmed
,Hispanic,Male,Chlamydia,2023-10-20,92405,confirmed
44,Hispanic,Male,Gono,2023-10-21,92405,confirmed
26,Hispanic,Male,Syphillis,2023-10-22,92405,confirmed
22,Black,Male,Gono,2023-10-23,92405,confirmed
16,Native,Male,Gono,2023-10-24,92405,confirmed
21,Native,Male,Syphillis,2023-10-25,92405,confirmed
21,Black,Male,Gono,2023-10-26,92405,confirmed
15,White,Male,Chlamydia,2023-10-27,92405,confirmed
21,White,Male,Syphillis,2023-10-28,92405,confirmed
64,Black,Male,Chlamydia,2023-10-29,92405,confirmed
29,Black,Male,Chlamydia,2023-10-30,92405,confirmed
43,White,Male,Gono,2023-10-31,92405,confirmed
33,White,Male,Syphillis,2023-11-01,92405,suspect
21,Hispanic,Male,Syphillis,2023-11-02,92405,probable
57,Black,Male,Orthopox,2023-11-03,92405,probable
57,Black,Male,Orthopox,2023-11-04,92405,probable
64,Black,Male,Orthopox,2023-11-05,92405,probable
29,Hispanic,Male,Orthopox,2023-11-06,92405,probable
38,Hispanic,Male,Orthopox,2023-11-07,92405,probable
32,Hispanic,Male,Orthopox,2023-11-08,92405,probable
57,Hispanic,Male,Orthopox,2023-11-09,92405,confirmed
36,Black,Male,Orthopox,2023-11-10,92405,confirmed
55,Black,Male,Gono,2023-11-11,92354,confirmed
36,White,Male,Syphillis,2023-11-12,92354,confirmed
32,Hispanic,Male,Syphillis,2023-11-13,92354,confirmed
30,Black,Male,Syphillis,2023-11-14,92354,confirmed
58,Hispanic,Male,Gono,2023-11-15,92354,confirmed
24,Hispanic,Male,Gono,2023-11-16,92354,confirmed
31,Hispanic,Male,Syphillis,2023-11-17,92354,confirmed
57,Black,Male,Chlamydia,2023-11-18,92354,confirmed
62,White,Male,Chlamydia,2023-11-19,92354,confirmed
48,Black,Male,Chlamydia,2023-11-20,92354,confirmed
50,White,Male,Syphillis,2023-11-21,92405,confirmed
27,White,Male,Syphillis,2023-11-22,92405,confirmed
33,Hispanic,Male,Syphillis,2023-11-23,92405,confirmed
33,Hispanic,Male,Syphillis,2023-11-24,92405,confirmed
35,Hispanic,Male,Gono,2023-11-25,92345,confirmed
22,Hispanic,Male,Gono,2023-11-26,92345,confirmed
50,Black,Male,Chlamydia,2023-11-27,92345,confirmed
47,Black,Male,Chlamydia,2023-11-28,92345,confirmed
35,Black,Male,Chlamydia,2023-11-29,92345,confirmed
35,Black,Male,Chlamydia,2023-11-30,92345,confirmed
35,Black,Male,Syphillis,2023-12-01,92345,confirmed
35,Hispanic,Male,Syphillis,2023-12-02,92345,confirmed
35,Hispanic,Male,Gono,2023-12-03,92345,confirmed
23,Hispanic,Male,Syphillis,2023-12-04,92345,confirmed
35,Black,Male,Syphillis,2023-12-05,92345,confirmed
27,Native,Male,Chlamydia,2023-12-06,92345,confirmed
29,Native,Male,Chlamydia,2023-12-07,92376,confirmed
29,Black,Male,Gono,2023-12-08,92376,confirmed
34,White,Male,Chlamydia,2023-12-09,92376,confirmed
21,White,Male,Gono,2023-12-10,92376,confirmed
22,Black,Male,Syphillis,2023-12-11,92376,confirmed
21,Black,Male,Gono,2023-12-12,92405,confirmed
21,White,Male,Gono,2023-12-13,92405,confirmed
21,White,Male,Syphillis,2023-12-14,92405,confirmed
21,Hispanic,Male,Gono,2023-12-15,92405,confirmed
26,Black,Male,Chlamydia,2023-12-16,92405,confirmed
37,Black,Male,Syphillis,2023-12-17,92405,confirmed
27,Black,Male,Chlamydia,2023-12-18,92405,confirmed
25,Hispanic,Male,Chlamydia,2023-12-19,92405,confirmed
25,Hispanic,Male,Gono,2023-12-20,92405,confirmed
24,Hispanic,Male,Syphillis,2023-12-21,92405,confirmed
23,Hispanic,Male,Syphillis,2022-01-16,92405,confirmed
23,Black,Male,Orthopox,2022-01-17,92354,confirmed
23,Black,Male,Orthopox,2022-01-18,92354,confirmed
23,White,Male,Orthopox,2022-01-19,92354,confirmed
21,Hispanic,Male,Orthopox,2022-01-20,92354,confirmed
21,Black,Male,Orthopox,2022-01-21,92354,confirmed
23,Hispanic,Male,Orthopox,2022-01-22,92354,confirmed
33,Hispanic,Male,Orthopox,2022-01-23,92354,confirmed
33,Hispanic,Male,Orthopox,2022-01-24,92354,confirmed
29,Black,Male,Gono,2022-01-25,92354,confirmed
29,White,Male,Syphillis,2022-01-26,92354,confirmed
23,Black,Male,Syphillis,2022-01-27,92354,confirmed
23,White,Male,Syphillis,2022-01-28,92405,confirmed
37,White,Male,Gono,2022-01-29,92405,confirmed
22,Hispanic,Male,Gono,2022-01-30,92405,confirmed
22,Hispanic,Male,Syphillis,2022-01-31,92405,confirmed
22,Hispanic,Male,Chlamydia,2022-02-01,92405,confirmed
21,Hispanic,Male,Chlamydia,2022-02-02,92405,confirmed
20,Black,Male,Chlamydia,2022-02-03,92405,confirmed
26,Black,Male,Syphillis,2022-02-04,92405,confirmed
34,Black,Male,Syphillis,2022-02-05,92405,confirmed
35,Black,Male,Syphillis,2022-02-06,92405,confirmed
36,Black,Male,Syphillis,2022-02-07,92405,confirmed
35,Hispanic,Male,Gono,2022-02-08,92405,confirmed
22,Hispanic,Male,Gono,2022-02-09,92405,confirmed
52,Hispanic,Male,Chlamydia,2022-02-10,92405,confirmed
55,Hispanic,Male,Chlamydia,2022-02-11,92405,confirmed
55,Hispanic,Male,Chlamydia,2022-02-12,92376,confirmed
55,Hispanic,Male,Chlamydia,2022-02-13,92376,confirmed
34,Hispanic,Male,Syphillis,2022-02-14,92376,confirmed
34,Hispanic,Male,Syphillis,2022-02-15,92376,confirmed
34,Hispanic,Male,Gono,2022-02-16,92376,confirmed
34,Hispanic,Male,Syphillis,2022-02-17,92376,confirmed
34,Hispanic,Male,Syphillis,2022-02-18,92376,confirmed
34,Hispanic,Male,Chlamydia,2022-02-19,92376,confirmed
34,Hispanic,Male,Chlamydia,2022-02-20,92376,confirmed
27,Hispanic,Male,Gono,2022-02-21,92376,confirmed
27,Hispanic,Male,Chlamydia,2022-02-22,92405,confirmed
27,Hispanic,Male,Gono,2022-02-23,92405,confirmed
27,Hispanic,Male,Syphillis,2022-02-24,92405,confirmed
27,Hispanic,Male,Gono,2022-02-25,92405,confirmed
27,Black,Male,Gono,2022-02-26,92405,confirmed
27,Black,Male,Syphillis,2022-02-27,92405,confirmed
27,Black,Male,Gono,2022-02-28,92405,confirmed
32,Black,Male,Chlamydia,2022-03-01,92405,confirmed
32,Black,Male,Syphillis,2022-03-02,92405,confirmed
32,Black,Male,Chlamydia,2022-03-03,92405,confirmed
32,Black,Male,Chlamydia,2022-03-04,92345,confirmed
32,Black,Male,Gono,2022-03-05,92345,confirmed
23,Black,Male,Syphillis,2022-03-06,92345,confirmed
23,Black,Male,Syphillis,2022-03-07,92345,confirmed
32,Black,Male,Orthopox,2022-03-08,92345,confirmed
32,Black,Male,Orthopox,2022-03-09,92345,confirmed
32,Black,Male,Orthopox,2022-03-10,92345,confirmed
32,Black,Male,Orthopox,2022-03-11,92345,confirmed
32,Black,Male,Orthopox,2022-03-12,92345,confirmed
32,Black,Male,Orthopox,2022-03-13,92345,confirmed
32,Black,Male,Orthopox,2022-03-14,92345,confirmed
32,Black,Male,Orthopox,2022-03-15,92345,confirmed
32,Black,Male,Gono,2022-03-16,92345,confirmed
32,White,Male,Syphillis,2022-03-17,92345,confirmed
32,White,Male,Syphillis,2022-03-18,92345,confirmed
22,White,Male,Syphillis,2022-03-19,92345,confirmed
22,White,Male,Gono,2022-03-20,92345,confirmed
22,White,Male,Gono,2022-03-21,92345,confirmed
22,White,Male,Syphillis,2022-03-22,92345,confirmed
22,White,Male,Chlamydia,2022-03-23,92345,confirmed
22,White,Male,Chlamydia,2022-03-24,92345,confirmed
22,White,Male,Chlamydia,2022-03-25,92345,confirmed
22,White,Male,Syphillis,2022-03-26,92345,confirmed
22,White,Male,Syphillis,2022-03-27,92345,confirmed
22,Black,Male,Syphillis,2022-03-28,92345,confirmed
33,Black,Male,Syphillis,2022-03-29,92345,confirmed
22,Black,Male,Gono,2022-03-30,92345,confirmed
22,Black,Male,Gono,2022-03-31,92345,confirmed
22,Black,Male,Chlamydia,2022-04-01,92345,confirmed
22,Black,Male,Chlamydia,2022-04-02,92345,confirmed
44,Black,Male,Chlamydia,2022-04-03,92345,confirmed
41,Black,Male,Chlamydia,2022-04-04,92345,confirmed
60,Black,Male,Syphillis,2022-04-05,92345,confirmed
46,Black,Male,Syphillis,2022-04-06,92345,confirmed
57,Black,Male,Gono,2022-04-07,92345,confirmed
60,Hispanic,Male,Syphillis,2022-04-08,92345,confirmed
21,Hispanic,Male,Syphillis,2022-04-09,92345,confirmed
23,Hispanic,Male,Chlamydia,2022-04-10,92345,confirmed
14,Hispanic,Male,Chlamydia,2022-04-11,92345,confirmed
18,Hispanic,Male,Gono,2022-04-12,92345,confirmed
29,Hispanic,Male,Chlamydia,2022-04-13,92345,confirmed
61,Hispanic,Male,Gono,2022-04-14,92345,confirmed
59,Hispanic,Male,Syphillis,2022-04-15,92345,confirmed
18,Hispanic,Male,Gono,2022-04-16,92345,confirmed
44,Hispanic,Male,Gono,2022-04-17,92345,confirmed
52,Hispanic,Male,Syphillis,2022-04-18,92345,confirmed
14,Hispanic,Female,Gono,2022-04-19,92345,confirmed
40,Hispanic,Female,Chlamydia,2022-04-20,92345,confirmed
23,Hispanic,Male,Syphillis,2022-04-21,92345,confirmed
58,Hispanic,Male,Chlamydia,2022-04-22,92345,confirmed
44,Hispanic,Male,Chlamydia,2022-04-23,92345,confirmed
34,Black,Female,Gono,2022-04-24,92345,confirmed
27,Black,Male,Syphillis,2022-04-25,92345,confirmed
55,Black,Male,Syphillis,2022-04-26,92345,confirmed
47,Black,Female,Orthopox,2022-04-27,92345,confirmed
49,Hispanic,Female,Orthopox,2022-04-28,92345,confirmed
37,Hispanic,Female,Orthopox,2022-04-29,92345,confirmed
28,Hispanic,Female,Orthopox,2022-04-30,92345,confirmed
24,Hispanic,Male,Orthopox,2022-05-01,92345,confirmed
23,Hispanic,Male,Orthopox,2022-05-02,92345,confirmed
52,Hispanic,Male,Orthopox,2022-05-03,92345,confirmed
59,Hispanic,Female,Orthopox,2022-05-04,92345,confirmed
33,Hispanic,Male,Gono,2022-05-05,92345,confirmed
33,Hispanic,Female,Syphillis,2022-05-06,92345,confirmed
33,Hispanic,Male,Syphillis,2022-05-07,92345,confirmed
38,Hispanic,Male,Syphillis,2022-05-08,92345,confirmed
52,Hispanic,Male,Gono,2022-05-09,92345,confirmed
41,Hispanic,Male,Gono,2022-05-10,92345,confirmed
65,Hispanic,Female,Syphillis,2022-05-11,92345,confirmed
47,Hispanic,Female,Chlamydia,2022-05-12,92345,confirmed
15,Hispanic,Male,Chlamydia,2022-05-13,92345,confirmed
53,Hispanic,Female,Chlamydia,2023-05-14,92345,confirmed
16,Black,Male,Syphillis,2023-05-15,92345,confirmed
38,Black,Male,Syphillis,2023-05-16,92345,confirmed
62,Black,Male,Syphillis,2023-05-17,92345,confirmed
18,Black,Male,Syphillis,2023-05-18,92345,confirmed
23,Black,Male,Gono,2023-05-19,92345,confirmed
17,Black,Female,Gono,2023-05-20,92345,confirmed
,Black,Female,Chlamydia,2023-05-21,92345,confirmed
,Black,Female,Chlamydia,2023-05-22,92345,confirmed
44,Black,Female,Chlamydia,2023-05-23,92345,confirmed
26,Black,Female,Chlamydia,2023-05-24,92345,confirmed
22,Black,Female,Syphillis,2023-05-25,92345,confirmed
16,Black,Female,Syphillis,2023-05-26,92345,confirmed
21,Black,Male,Gono,2023-05-27,92345,confirmed
21,Black,Female,Syphillis,2023-05-28,92345,confirmed
15,Black,Female,Syphillis,2023-05-29,92345,confirmed
21,Black,Female,Chlamydia,2023-05-30,92345,confirmed
64,Black,Female,Chlamydia,2023-05-31,92345,confirmed
29,Black,Female,Gono,2023-06-01,92345,confirmed
43,Black,Female,Chlamydia,2023-06-02,92345,confirmed
33,White,Male,Gono,2023-06-03,92345,confirmed
21,White,Male,Syphillis,2023-06-04,92345,confirmed
57,White,Male,Gono,2023-06-05,92345,confirmed
57,White,Female,Gono,2023-06-06,92345,confirmed
64,White,Female,Syphillis,2023-06-07,92345,confirmed
29,White,Male,Gono,2023-06-08,92345,confirmed
38,White,Female,Chlamydia,2023-06-09,92345,confirmed
32,White,Female,Syphillis,2023-06-10,92345,confirmed
57,White,Female,Chlamydia,2023-06-11,92345,confirmed
36,White,Female,Chlamydia,2023-06-12,92345,confirmed
55,White,Male,Gono,2023-06-13,92345,confirmed
36,Black,Male,Syphillis,2023-06-14,92345,confirmed
32,Black,Female,Syphillis,2023-06-15,92345,confirmed
30,Black,Female,Orthopox,2023-06-16,92345,confirmed
58,Black,Female,Orthopox,2023-06-17,92345,confirmed
24,Black,Female,Orthopox,2023-06-18,92345,confirmed
31,Black,Female,Orthopox,2023-06-19,92345,confirmed
57,Black,Male,Orthopox,2023-06-20,92345,confirmed
62,Black,Male,Orthopox,2023-06-21,92345,confirmed
48,Black,Female,Orthopox,2023-06-22,92345,confirmed
50,Black,Male,Orthopox,2023-06-23,92345,confirmed
27,Black,Female,Gono,2023-06-24,92345,confirmed
33,Hispanic,Female,Syphillis,2023-06-25,92345,confirmed
33,Hispanic,Female,Syphillis,2023-06-26,92345,confirmed
35,Hispanic,Female,Syphillis,2023-06-27,92345,confirmed
22,Hispanic,Female,Gono,2023-06-28,92345,confirmed
50,Hispanic,Female,Gono,2023-06-29,92345,confirmed
47,Hispanic,Female,Syphillis,2023-06-30,92345,confirmed
35,Hispanic,Male,Chlamydia,2023-07-01,92345,confirmed
35,Hispanic,Male,Chlamydia,2023-07-02,92345,confirmed
35,Hispanic,Female,Chlamydia,2023-07-03,92345,confirmed
35,Hispanic,Male,Syphillis,2023-07-04,92345,confirmed
35,Hispanic,Male,Syphillis,2023-07-05,92345,confirmed
23,Hispanic,Female,Syphillis,2023-07-06,92345,confirmed
35,Hispanic,Female,Syphillis,2023-07-07,92345,confirmed
27,Hispanic,Female,Gono,2023-07-08,92345,confirmed
29,Hispanic,Female,Gono,2023-07-09,92345,confirmed
29,Hispanic,Female,Chlamydia,2023-07-10,92345,confirmed
34,Black,Male,Chlamydia,2023-07-11,92345,confirmed
21,Black,Male,Chlamydia,2023-07-12,92345,confirmed
22,Black,Female,Chlamydia,2023-07-13,92345,confirmed
21,Black,Male,Syphillis,2023-07-14,92345,confirmed
21,Hispanic,Female,Syphillis,2023-07-15,92345,confirmed
21,Hispanic,Male,Gono,2023-07-16,92345,confirmed
21,Hispanic,Male,Syphillis,2023-07-17,92345,confirmed
26,Hispanic,Female,Syphillis,2023-07-18,92345,confirmed
37,Hispanic,Female,Chlamydia,2023-07-19,92345,confirmed
27,Hispanic,Female,Chlamydia,2023-07-20,92345,confirmed
25,Hispanic,Female,Gono,2023-07-21,92345,confirmed
25,Hispanic,Female,Chlamydia,2023-07-22,92345,confirmed
24,Hispanic,Female,Gono,2023-07-23,92345,confirmed
23,Hispanic,Female,Syphillis,2023-07-24,92345,confirmed
23,Hispanic,Female,Gono,2023-07-25,92345,confirmed
23,Hispanic,Female,Gono,2023-07-26,92345,confirmed
23,Hispanic,Male,Syphillis,2023-07-27,92345,confirmed
21,Hispanic,Male,Gono,2023-07-28,92345,confirmed
21,Hispanic,Male,Chlamydia,2023-07-29,92345,confirmed
23,Hispanic,Female,Syphillis,2023-07-30,92345,confirmed
33,Hispanic,Female,Chlamydia,2023-07-31,92345,confirmed
33,Black,Male,Chlamydia,2023-08-01,92345,confirmed
29,Black,Male,Gono,2023-08-02,92345,confirmed
29,Black,Male,Syphillis,2023-08-03,92345,confirmed
23,Black,Male,Syphillis,2023-08-04,92345,confirmed
23,Black,Male,Orthopox,2023-08-05,92345,confirmed
37,Black,Male,Orthopox,2023-08-06,92345,confirmed
22,Black,Male,Orthopox,2023-08-07,92345,confirmed
22,Black,Male,Orthopox,2023-08-08,92345,confirmed
22,Black,Male,Orthopox,2023-08-09,92345,confirmed
21,Black,Male,Orthopox,2023-08-10,92345,confirmed
20,Black,Male,Orthopox,2023-08-11,92345,confirmed
26,Black,Male,Orthopox,2023-08-12,92345,confirmed
34,Black,Male,Gono,2023-08-13,92345,confirmed
35,Black,Male,Syphillis,2023-08-14,92345,confirmed
36,Black,Female,Syphillis,2023-08-15,92345,confirmed
35,Black,Female,Syphillis,2023-08-16,92345,confirmed
22,Black,Female,Gono,2023-08-17,92345,confirmed
52,Black,Female,Gono,2023-08-18,92345,confirmed
55,Black,Female,Syphillis,2023-08-19,92345,confirmed
55,White,Female,Chlamydia,2023-08-20,92345,confirmed
55,White,Female,Chlamydia,2023-08-21,92345,confirmed
34,White,Female,Chlamydia,2023-08-22,92345,confirmed
34,White,Female,Syphillis,2023-08-23,92345,confirmed
34,White,Female,Syphillis,2023-08-24,92345,confirmed
34,White,Female,Syphillis,2023-08-25,92345,confirmed
34,White,Male,Syphillis,2023-08-26,92345,confirmed
34,White,Male,Gono,2023-08-27,92345,confirmed
34,White,Female,Gono,2023-08-28,92345,confirmed
27,White,Female,Chlamydia,2023-08-29,92345,confirmed
27,White,Male,Chlamydia,2023-08-30,92345,confirmed
27,Black,Male,Chlamydia,2023-08-31,92345,confirmed
27,Black,Male,Chlamydia,2023-09-01,92345,confirmed
27,Black,Female,Syphillis,2023-09-02,92345,confirmed
27,Black,Male,Syphillis,2023-09-03,92345,confirmed
27,Black,Male,Gono,2023-09-04,92345,confirmed
27,Black,Female,Syphillis,2023-09-05,92345,confirmed
32,Black,Female,Syphillis,2023-09-06,92345,confirmed
32,Black,Female,Chlamydia,2023-09-07,92345,confirmed
32,Black,Female,Chlamydia,2023-09-08,92345,confirmed
32,Black,Male,Gono,2023-09-09,92345,confirmed
32,Black,Male,Chlamydia,2023-09-10,92345,confirmed
23,Hispanic,Male,Gono,2023-09-11,92345,confirmed
23,Hispanic,Female,Syphillis,2023-09-12,92345,confirmed
32,Hispanic,Male,Gono,2023-09-13,92345,confirmed
32,Hispanic,Female,Gono,2023-09-14,92345,confirmed
32,Hispanic,Male,Syphillis,2023-09-15,92345,confirmed
32,Hispanic,Male,Gono,2023-09-16,92345,confirmed
32,Hispanic,Male,Chlamydia,2023-09-17,92345,confirmed
32,Hispanic,Male,Syphillis,2023-09-18,92345,confirmed
32,Hispanic,Female,Chlamydia,2023-09-19,92345,confirmed
32,Hispanic,Female,Chlamydia,2023-09-20,92345,confirmed
32,Hispanic,Male,Gono,2023-09-21,92345,confirmed
32,Hispanic,Female,Syphillis,2023-09-22,92345,confirmed
32,Hispanic,Male,Syphillis,2023-09-23,92345,confirmed
22,Hispanic,Male,Orthopox,2024-03-29,92345,confirmed
22,Hispanic,Male,Orthopox,2024-03-30,92345,confirmed
22,Hispanic,Male,Orthopox,2024-03-31,92345,confirmed
22,Black,Male,Orthopox,2024-04-01,92345,confirmed
22,Black,Female,Orthopox,2024-04-02,92345,confirmed
22,Black,Female,Orthopox,2024-04-03,92345,confirmed
22,Black,Female,Orthopox,2024-04-04,92345,confirmed
22,Hispanic,Female,Orthopox,2024-04-05,92345,confirmed
22,Hispanic,Female,Gono,2024-04-06,92345,confirmed
22,Hispanic,Female,Syphillis,2024-04-07,92345,confirmed
33,Hispanic,Female,Syphillis,2024-04-08,92345,confirmed
22,Hispanic,Male,Syphillis,2024-04-09,92345,confirmed
22,Hispanic,Female,Gono,2024-04-10,92345,confirmed
22,Hispanic,Female,Gono,2024-04-11,92345,confirmed
22,Hispanic,Female,Syphillis,2024-04-12,92345,confirmed
20,Hispanic,Female,Chlamydia,2024-04-13,92345,confirmed
20,Hispanic,Female,Chlamydia,2024-04-14,92345,confirmed
20,Hispanic,Female,Chlamydia,2024-04-15,92345,confirmed
20,Hispanic,Male,Syphillis,2024-04-16,92345,confirmed
20,Hispanic,Male,Syphillis,2024-04-17,92345,confirmed
20,Hispanic,Male,Syphillis,2024-04-18,92345,confirmed
15,Hispanic,Male,Syphillis,2024-04-19,92376,confirmed
26,White,Female,Chlamydia,2024-04-20,92376,confirmed
32,Native,Male,Gono,2024-04-21,92376,confirmed
34,Hispanic,Male,Gono,2024-04-22,92376,confirmed
36,White,Male,Chlamydia,2024-04-23,92376,confirmed
,White,Female,Chlamydia,2024-04-24,92376,confirmed
,White,Female,Chlamydia,2024-04-25,92376,confirmed
,White,Male,Chlamydia,2024-04-26,92376,confirmed
44,Hispanic,Female,Chlamydia,2024-04-27,92376,confirmed
41,Asian,Male,Syphillis,2024-04-28,92376,confirmed
60,Asian,Female,Syphillis,2024-04-29,92376,confirmed
46,Hispanic,Male,Gono,2024-04-30,92405,confirmed
57,Hispanic,Female,Syphillis,2024-05-01,92405,confirmed
60,Hispanic,Male,Syphillis,2024-05-02,92405,confirmed
21,White,Female,Chlamydia,2024-05-03,92405,confirmed
23,Hispanic,Female,Chlamydia,2024-05-04,92405,confirmed
14,Hispanic,Male,Gono,2024-05-05,92405,confirmed
18,Hispanic,Male,Chlamydia,2024-05-06,92405,confirmed
29,White,Male,Gono,2024-05-07,92405,confirmed
61,Asian,Male,Syphillis,2024-05-08,92405,confirmed
59,White,Female,Gono,2024-05-09,92405,confirmed
18,White,Female,Gono,2024-05-10,92405,confirmed
44,Black,Male,Syphillis,2024-05-11,92405,confirmed
52,Black,Female,Gono,2024-05-12,92405,confirmed
14,White,Female,Chlamydia,2024-05-13,92405,confirmed
40,White,Male,Syphillis,2024-05-14,92405,confirmed
23,Black,Male,Chlamydia,2024-05-15,92405,confirmed
58,Black,Female,Chlamydia,2024-05-16,92405,confirmed
44,White,Male,Gono,2024-05-17,92405,confirmed
34,White,Female,Syphillis,2024-05-18,92405,confirmed
27,Black,Male,Syphillis,2024-05-19,92345,confirmed
55,Hispanic,Male,Orthopox,2024-05-20,92345,confirmed
47,Hispanic,Female,Orthopox,2024-05-21,92345,confirmed
49,Hispanic,Male,Orthopox,2024-05-22,92345,confirmed
37,Black,Male,Orthopox,2024-05-23,92345,confirmed
28,Black,Male,Orthopox,2024-05-24,92345,confirmed
24,Black,Male,Orthopox,2024-05-25,92345,confirmed
23,Hispanic,Male,Orthopox,2024-05-26,92345,confirmed
52,Black,Male,Orthopox,2024-05-27,92345,confirmed
59,Asian,Male,Gono,2024-05-28,92345,confirmed
33,White,Male,Syphillis,2024-05-29,92345,confirmed
33,Black,Male,Syphillis,2024-05-30,92345,confirmed
33,Black,Male,Syphillis,2024-05-31,92345,confirmed
38,Native,Female,Gono,2024-06-01,92345,confirmed
52,Native,Female,Gono,2024-06-02,92345,confirmed
41,Black,Male,Syphillis,2024-06-03,92345,confirmed
65,White,Male,Chlamydia,2024-06-04,92345,confirmed
47,Black,Male,Chlamydia,2024-06-05,92345,confirmed
15,White,Male,Chlamydia,2024-06-06,92345,confirmed
53,Black,Female,Syphillis,2024-06-07,92345,confirmed
16,Asian,Male,Syphillis,2024-06-08,92354,confirmed
38,Black,Female,Syphillis,2024-06-09,92354,confirmed
62,Black,Male,Syphillis,2024-06-10,92354,confirmed
18,White,Male,Gono,2024-06-11,92354,confirmed
23,Native,Male,Gono,2024-05-03,92354,confirmed
17,White,Male,Chlamydia,2024-05-04,92354,confirmed
,White,Male,Chlamydia,2024-05-05,92354,confirmed
,White,Male,Chlamydia,2024-05-06,92354,confirmed
44,White,Male,Chlamydia,2024-05-07,92354,confirmed
26,Hispanic,Female,Chlamydia,2024-05-08,92354,confirmed
22,Hispanic,Female,Gono,2024-05-09,92336,confirmed
16,White,Female,Chlamydia,2024-05-10,92336,confirmed
21,Black,Male,Syphillis,2024-05-11,92336,confirmed
21,White,Female,Gono,2024-05-12,92336,confirmed
15,White,Male,Gono,2024-05-13,92336,confirmed
21,Native,Female,Syphillis,2024-05-14,92336,confirmed
64,Asian,Male,Syphillis,2024-05-15,92336,confirmed
29,Asian,Male,Gono,2024-05-16,92336,confirmed
43,Asian,Female,Syphillis,2024-05-17,92336,confirmed
33,Asian,Female,Syphillis,2024-05-18,92336,confirmed
21,White,Female,Chlamydia,2024-05-19,92336,confirmed
57,White,Male,Syphillis,2024-05-20,92336,confirmed
57,Asian,Male,Chlamydia,2024-05-21,92336,confirmed
64,Native,Male,Chlamydia,2024-05-22,92336,confirmed
29,Native,Female,Gono,2024-05-23,92336,confirmed
38,Native,Male,Gono,2024-05-24,92336,confirmed
32,Black,Male,Chlamydia,2024-05-25,92336,confirmed
57,Black,Female,Syphillis,2024-05-26,92336,confirmed
36,White,Female,Chlamydia,2024-05-27,92336,confirmed
55,Hispanic,Female,Syphillis,2024-05-28,92336,confirmed
36,Black,Female,Gono,2024-05-29,92336,confirmed
32,Black,Male,Syphillis,2024-05-30,92336,confirmed
30,Black,Male,Chlamydia,2024-05-31,91762,confirmed
58,Black,Male,Chlamydia,2024-06-01,91762,confirmed
24,Native,Female,Chlamydia,2024-06-02,91762,confirmed
31,Native,Male,Chlamydia,2024-06-03,91762,confirmed
57,White,Female,Gono,2024-06-04,91762,confirmed
62,Native,Male,Gono,2024-06-05,91762,confirmed
48,Black,Male,Chlamydia,2024-06-06,91762,confirmed
50,Black,Male,Gono,2024-06-07,91762,confirmed
27,Hispanic,Male,Gono,2024-06-08,91762,confirmed
33,Black,Female,Syphillis,2024-06-09,91762,confirmed
33,Hispanic,Female,Syphillis,2024-06-10,91762,confirmed
35,Asian,Male,Gono,2024-06-11,91762,confirmed
22,Black,Female,Gono,2024-06-12,91762,confirmed
50,Black,Male,Syphillis,2024-06-13,91762,confirmed
47,Black,Male,Chlamydia,2024-06-14,91762,confirmed
22,Black,Female,Chlamydia,2024-06-15,92405,confirmed
22,Black,Female,Chlamydia,2024-03-02,92405,confirmed
22,Black,Female,Chlamydia,2024-03-03,92405,confirmed
22,Black,Female,Chlamydia,2024-03-04,92405,confirmed
22,Black,Female,Chlamydia,2024-03-05,92405,confirmed
22,Black,Female,Chlamydia,2024-03-06,92405,confirmed
22,Black,Female,Chlamydia,2024-03-07,92405,confirmed
22,Black,Female,Chlamydia,2024-03-08,92405,confirmed
22,Black,Female,Chlamydia,2024-03-09,92405,confirmed
22,Black,Female,Chlamydia,2024-03-10,92405,confirmed
22,Black,Female,Chlamydia,2024-03-11,92405,confirmed
22,Black,Female,Chlamydia,2024-03-12,92405,confirmed
22,Black,Female,Chlamydia,2024-03-13,92405,confirmed
22,Black,Female,Chlamydia,2024-03-14,92405,confirmed
22,Black,Female,Chlamydia,2024-03-15,92405,confirmed
22,Black,Female,Chlamydia,2024-03-16,92405,confirmed
22,Black,Female,Chlamydia,2024-03-17,92405,confirmed
22,Black,Female,Chlamydia,2024-03-18,92405,confirmed
22,Black,Female,Chlamydia,2024-03-19,92405,confirmed
22,Black,Female,Chlamydia,2024-03-20,92405,confirmed
22,Black,Female,Chlamydia,2024-03-21,92405,confirmed
22,Black,Female,Chlamydia,2024-03-22,92405,confirmed
22,Black,Female,Chlamydia,2024-03-23,92405,confirmed
22,Black,Female,Chlamydia,2024-03-24,92405,confirmed
25,Hispanic,Female,Chlamydia,2024-03-25,92405,confirmed
25,Hispanic,Female,Chlamydia,2024-03-26,92405,confirmed
25,Hispanic,Female,Chlamydia,2024-03-27,92405,confirmed
25,Hispanic,Female,Chlamydia,2024-03-28,92405,confirmed
25,Hispanic,Female,Chlamydia,2024-03-29,92405,confirmed
25,Hispanic,Female,Chlamydia,2024-03-30,92405,confirmed
25,Hispanic,Female,Chlamydia,2024-03-31,92405,confirmed
25,Hispanic,Female,Chlamydia,2024-04-01,92405,confirmed
25,Hispanic,Female,Chlamydia,2024-04-02,92405,confirmed
25,Hispanic,Female,Chlamydia,2024-04-03,92405,confirmed
25,Hispanic,Female,Chlamydia,2024-04-04,92405,confirmed
25,Hispanic,Female,Chlamydia,2024-04-05,92405,confirmed
25,Hispanic,Female,Chlamydia,2024-04-06,92405,confirmed
25,Hispanic,Female,Chlamydia,2024-04-07,92405,confirmed
25,Hispanic,Female,Chlamydia,2024-04-08,92405,confirmed
25,Hispanic,Female,Chlamydia,2024-04-09,92405,confirmed
25,Hispanic,Female,Chlamydia,2024-04-10,92405,confirmed
25,Hispanic,Female,Chlamydia,2024-04-11,92405,confirmed
25,Hispanic,Female,Chlamydia,2024-04-12,92405,confirmed
25,Hispanic,Female,Chlamydia,2024-04-13,92405,confirmed
25,Hispanic,Female,Chlamydia,2024-04-14,92405,confirmed
25,Hispanic,Female,Chlamydia,2024-04-15,92405,confirmed
25,Hispanic,Female,Chlamydia,2024-04-16,92405,confirmed
25,Hispanic,Female,Chlamydia,2024-04-17,92405,confirmed
25,Hispanic,Female,Chlamydia,2024-04-18,92405,confirmed
25,Hispanic,Female,Chlamydia,2024-04-19,92405,confirmed
25,Hispanic,Female,Chlamydia,2024-04-20,92405,confirmed
25,Hispanic,Female,Chlamydia,2024-04-21,92405,confirmed
25,Hispanic,Female,Chlamydia,2024-04-22,92405,confirmed
25,Hispanic,Female,Chlamydia,2024-04-23,92405,confirmed
25,Hispanic,Female,Chlamydia,2024-04-24,92405,confirmed
25,Hispanic,Female,Chlamydia,2024-04-25,92405,confirmed
25,Hispanic,Female,Chlamydia,2024-04-26,92405,confirmed
25,Hispanic,Female,Chlamydia,2024-04-27,92405,confirmed
25,Hispanic,Female,Chlamydia,2024-04-28,92405,confirmed
25,Hispanic,Female,Chlamydia,2024-04-29,92405,confirmed
25,Hispanic,Female,Chlamydia,2024-04-30,92405,confirmed
25,Hispanic,Female,Chlamydia,2024-05-01,92405,confirmed
25,Hispanic,Female,Chlamydia,2024-05-02,92405,confirmed
25,Hispanic,Female,Chlamydia,2024-05-03,92405,confirmed
25,Hispanic,Female,Chlamydia,2024-05-04,92405,confirmed
25,Hispanic,Female,Chlamydia,2024-05-05,92405,confirmed
25,Hispanic,Female,Chlamydia,2024-05-06,92405,confirmed
25,Hispanic,Female,Chlamydia,2024-05-07,92405,confirmed
25,Hispanic,Female,Chlamydia,2024-05-08,92405,confirmed
25,Hispanic,Female,Chlamydia,2024-05-09,92405,confirmed
25,Hispanic,Female,Chlamydia,2024-05-10,92405,confirmed
25,Hispanic,Female,Chlamydia,2024-05-11,92405,confirmed
25,Hispanic,Female,Chlamydia,2024-05-12,92405,confirmed
25,Hispanic,Female,Chlamydia,2024-05-13,92405,confirmed
25,Hispanic,Female,Chlamydia,2024-05-14,92405,confirmed
25,Hispanic,Female,Chlamydia,2024-05-15,92405,confirmed
25,Hispanic,Female,Chlamydia,2024-05-16,92405,confirmed
25,Hispanic,Female,Chlamydia,2024-05-17,92405,confirmed
25,Hispanic,Female,Chlamydia,2024-05-18,92405,confirmed
25,Hispanic,Female,Chlamydia,2024-05-19,92405,confirmed
42,Hispanic,Male,Syphillis,2024-02-02,92405,confirmed
42,Black,Male,Syphillis,2024-02-03,92405,confirmed
42,Hispanic,Male,Syphillis,2024-02-04,92405,confirmed
42,Hispanic,Male,Syphillis,2024-02-05,92405,confirmed
46,Hispanic,Male,Syphillis,2024-02-06,92405,confirmed
42,Hispanic,Male,Syphillis,2024-02-07,92405,confirmed
42,Hispanic,Male,Syphillis,2024-02-08,92405,confirmed
42,Hispanic,Male,Syphillis,2024-02-09,92405,confirmed
42,Hispanic,Male,Syphillis,2024-02-10,92405,confirmed
42,Hispanic,Male,Syphillis,2024-02-11,92405,confirmed
42,Hispanic,Male,Syphillis,2024-02-12,92405,confirmed
42,Hispanic,Male,Syphillis,2024-02-13,92376,confirmed
42,Black,Male,Syphillis,2024-02-14,92376,confirmed
42,Black,Male,Syphillis,2024-02-15,92376,confirmed
42,Black,Male,Syphillis,2024-02-16,92376,confirmed
46,Black,Male,Syphillis,2024-02-17,92376,confirmed
42,Black,Male,Syphillis,2024-02-18,92376,confirmed
44,Black,Male,Syphillis,2024-02-19,92376,confirmed
43,Black,Male,Syphillis,2024-02-20,92376,confirmed
42,Black,Male,Syphillis,2024-02-21,92376,confirmed
42,Black,Male,Syphillis,2024-02-22,92376,confirmed
47,Black,Male,Syphillis,2024-02-23,92376,confirmed
42,Black,Male,Syphillis,2024-02-24,92376,confirmed
42,Black,Male,Syphillis,2024-02-25,92376,confirmed
49,Black,Male,Syphillis,2024-02-26,92376,confirmed
42,Black,Male,Syphillis,2024-02-27,92376,confirmed
49,Black,Male,Syphillis,2024-02-28,92405,confirmed
45,Hispanic,Male,Syphillis,2024-02-29,92405,confirmed
45,Hispanic,Male,Syphillis,2024-03-01,92405,confirmed
45,Hispanic,Male,Syphillis,2024-03-02,92405,probable
45,Hispanic,Male,Syphillis,2024-03-03,92405,probable
45,Hispanic,Male,Syphillis,2024-03-04,92405,probable
45,Hispanic,Male,Syphillis,2024-03-05,92405,probable
45,Hispanic,Male,Syphillis,2024-03-06,92405,probable
47,Hispanic,Male,Syphillis,2024-03-07,92405,probable
47,Hispanic,Male,Syphillis,2024-03-08,92405,probable
47,Hispanic,Male,Syphillis,2024-03-09,92405,probable
47,Hispanic,Male,Syphillis,2024-03-10,92405,probable
47,Hispanic,Male,Syphillis,2024-03-11,92405,confirmed
47,Hispanic,Male,Syphillis,2024-03-12,92405,confirmed
47,Hispanic,Male,Syphillis,2024-03-13,92405,confirmed
47,Black,Male,Syphillis,2024-03-14,92405,confirmed
47,Black,Male,Syphillis,2024-03-15,92376,confirmed
42,Black,Male,Syphillis,2024-03-16,92376,confirmed
42,Black,Male,Syphillis,2024-03-17,92376,confirmed
42,Black,Male,Syphillis,2024-03-18,92376,confirmed
42,Black,Male,Syphillis,2024-03-19,92376,confirmed
42,Hispanic,Male,Syphillis,2024-03-20,92376,confirmed
44,Hispanic,Male,Syphillis,2024-03-21,92376,confirmed
42,Hispanic,Male,Syphillis,2024-03-22,92376,confirmed
41,Black,Male,Syphillis,2024-03-23,92376,confirmed
43,Black,Male,Syphillis,2024-03-24,92376,confirmed
43,Hispanic,Male,Syphillis,2024-03-25,92376,confirmed
41,White,Male,Syphillis,2024-03-26,92376,confirmed
41,White,Male,Syphillis,2024-03-27,92376,confirmed
41,White,Male,Syphillis,2024-03-28,92376,suspect
44,White,Male,Syphillis,2024-03-29,92376,suspect
41,White,Male,Syphillis,2024-03-30,92376,suspect
22,Black,Male,Chlamydia,2024-03-31,92354,confirmed
22,Black,Male,Chlamydia,2024-04-01,92354,confirmed
22,White,Male,Chlamydia,2024-04-02,92354,confirmed
22,Hispanic,Female,Chlamydia,2024-04-03,92354,suspect
22,Hispanic,Female,Chlamydia,2024-04-04,92354,confirmed
22,Hispanic,Female,Chlamydia,2024-04-05,92354,confirmed
22,Hispanic,Female,Chlamydia,2024-04-06,92405,confirmed
22,Hispanic,Female,Chlamydia,2024-04-07,92405,confirmed
33,Hispanic,Female,Syphillis,2024-04-08,92405,confirmed
22,Hispanic,Female,Chlamydia,2024-04-09,92405,confirmed
22,Hispanic,Female,Chlamydia,2024-04-10,92405,confirmed
22,Hispanic,Female,Chlamydia,2024-04-11,92405,confirmed
22,Hispanic,Female,Chlamydia,2024-04-12,92405,confirmed
33,Hispanic,Female,Syphillis,2024-04-13,92405,confirmed
23,Hispanic,Male,Orthopox,2024-04-14,92405,confirmed
22,Hispanic,Male,Orthopox,2024-04-15,92405,confirmed
56,Hispanic,Male,Orthopox,2024-04-16,92405,confirmed
56,Hispanic,Male,Orthopox,2024-04-17,92405,confirmed
22,White,Male,Chlamydia,2024-04-18,92405,confirmed
23,White,Male,Chlamydia,2024-04-19,92405,confirmed
32,White,Female,Chlamydia,2024-04-20,92405,confirmed
32,White,Female,Chlamydia,2024-04-21,92405,confirmed
22,White,Female,Chlamydia,2024-04-22,92405,confirmed
22,White,Male,Chlamydia,2024-04-23,92405,confirmed
22,White,Male,Chlamydia,2024-04-24,92405,confirmed
22,White,Male,Chlamydia,2024-04-25,92405,confirmed
22,White,Male,Chlamydia,2024-04-26,92405,confirmed
22,White,Male,Chlamydia,2024-04-27,92405,confirmed
22,Hispanic,Male,Chlamydia,2024-04-28,92405,confirmed
21,Hispanic,Male,Gono,2024-04-29,92405,confirmed
34,Hispanic,Male,Gono,2024-04-30,92405,confirmed
34,Hispanic,Male,Gono,2024-05-01,92405,confirmed
44,Hispanic,Male,Gono,2024-05-02,92405,confirmed
33,Hispanic,Male,Syphillis,2024-05-03,92405,confirmed
33,Hispanic,Male,Syphillis,2024-05-04,92405,confirmed
24,Hispanic,Male,Syphillis,2024-05-05,92405,confirmed
23,Hispanic,Male,Syphillis,2024-05-06,92405,confirmed
23,Black,Male,Orthopox,2024-05-07,92405,confirmed
23,Black,Male,Orthopox,2024-05-08,92405,confirmed
23,White,Male,Orthopox,2024-05-09,92405,confirmed
21,Hispanic,Male,Orthopox,2024-05-10,92405,confirmed
21,Black,Male,Orthopox,2024-05-11,92405,confirmed
23,Hispanic,Male,Orthopox,2024-05-12,92405,confirmed
33,Hispanic,Male,Orthopox,2024-05-13,92405,confirmed
33,Hispanic,Male,Orthopox,2024-05-14,92405,confirmed
29,Black,Male,Gono,2024-05-15,92405,confirmed
29,White,Male,Syphillis,2024-05-16,92405,confirmed
23,Black,Male,Syphillis,2024-05-17,92354,confirmed
29,White,Male,Syphillis,2024-05-18,92405,confirmed
33,White,Male,Gono,2024-05-19,92405,confirmed
33,Hispanic,Male,Gono,2024-05-20,92405,confirmed
33,Hispanic,Male,Syphillis,2024-05-21,92405,confirmed
33,Hispanic,Male,Chlamydia,2024-05-22,92405,confirmed
32,Hispanic,Male,Chlamydia,2024-05-23,92405,confirmed
32,Black,Male,Chlamydia,2024-05-24,92405,confirmed
32,Black,Male,Syphillis,2024-05-25,92405,confirmed